from,to,weight
1,2,0.097669002004742
1,3,0.0344665395819809
1,4,0.0672891738461731
2,3,0.0233763556024965
2,4,0.0231334129649625
3,4,0.0617070282526132
