from,to,weight
4,22,0.0851535818872314
4,25,0.0544142264194691
22,25,0.0398293161055941
