from,to,weight
1,2,0.00420294923954298
1,3,0.00318458406286946
1,4,0.0135006014059443
2,3,0.00920234877239403
2,4,0.00304683735495491
3,4,0.00826581361097775
