from,to,weight
1,2,0.0564817384244524
1,3,0.137148562450838
1,4,0.0444947193624217
2,3,0.115966958583351
2,4,0.092973131745397
3,4,0.0735221681229342
