from,to,weight
1,2,0.0130751600015658
1,4,0.018865226893173
1,5,0.044655078358779
2,4,0.0279142718647452
2,5,0.0129916626886773
3,5,0.0254404678969926
