from,to,weight
1,2,0.0981656915474472
1,3,0.0398142727165852
1,4,0.0429145458052738
2,3,0.0667930113208245
2,4,0.0544304862627826
3,4,0.0590306589937753
