from,to,weight
1,2,0.056540830738215
1,3,0.0474021919870765
1,4,0.0206580247583423
2,3,0.0569644501563395
2,4,0.0427588218864297
3,4,0.0899520864015051
