IW,E2MROW,R2MEOW,condition_01,condition_02
297.295731198295,106.890509441408,78.462042482052,TRUE,TRUE
161.66945686087,45.998474021082,74.256905299998,TRUE,TRUE
213.538352404337,45.4403185669485,76.1707875320381,TRUE,TRUE
295.525352831063,84.5035914443367,90.2004035668596,TRUE,TRUE
174.640284100547,21.3122893663789,62.9743959251217,TRUE,TRUE
350.838266700383,98.6769963473873,93.1635304137316,TRUE,TRUE
576.945674316829,149.605783362631,77.1998973303718,TRUE,TRUE
