IW,E2MROW,R2MEOW,condition_01,condition_02
654.182388598017,112.22538376545,101.941901443214,TRUE,TRUE
415.166872099067,48.2325426016066,104.142002703691,TRUE,TRUE
1008.14845829446,125.998466211853,80.3724884320049,TRUE,TRUE
