from,to,weight
1,2,0.05744633929971
1,3,0.0270338923982507
1,4,0.0472316630510163
2,3,0.0338519445178372
2,4,0.0458080517181158
3,4,0.0537801357609377
