from,to,weight
1,2,0.00646154579007927
1,3,0.00441072808879876
2,3,0.00460222105102842
