from,to,weight
1,2,0.0757048650918162
1,3,0.0546603419231138
1,4,0.0481585269124731
2,3,0.0776974858327491
2,4,0.0661266126136846
3,4,0.0740836575037157
