IW,E2MROW,R2MEOW,condition_01,condition_02
1992.31381831262,364.148076513817,280.15347461755,TRUE,TRUE
1757.58295619012,280.15347461755,364.148076513817,TRUE,TRUE
