IW,E2MROW,R2MEOW,condition_01,condition_02
342.131733777378,128.144819499397,138.40989048648,TRUE,TRUE
315.086471701076,213.525691850904,239.780099025237,TRUE,TRUE
265.327915456347,220.86150267361,267.094260850285,TRUE,TRUE
293.135686469087,229.516619980834,155.686891682616,TRUE,TRUE
240.201374577512,221.593334583748,264.421707470506,TRUE,FALSE
338.603937819147,277.4641265537,267.538767700172,TRUE,TRUE
295.650050122847,120.49992977077,118.015349991427,TRUE,TRUE
128.395388627987,87.2660634542743,210.478378291087,TRUE,FALSE
905.398537987214,305.560470613312,143.007213482739,TRUE,TRUE
