IW,E2MROW,R2MEOW,condition_01,condition_02
1375.84625993499,268.272921336916,132.005456322985,TRUE,TRUE
792.386714853023,328.826828656688,333.943868747287,TRUE,TRUE
587.920048933029,328.602838364926,407.480400170594,TRUE,TRUE
455.431019986031,256.911693568494,309.184556686158,TRUE,TRUE
