from,to,weight
1,2,0.0283331184248982
1,3,0.059313760132149
1,4,0.0611376379618803
2,3,0.18996787130114
2,4,0.106206776065335
3,4,0.111045965596347
