IW,E2MROW,R2MEOW,condition_01,condition_02
36.0776137196832,0.694773070377769,0,TRUE,TRUE
65.8020385280973,0,0,TRUE,TRUE
13.5167004243017,0,0.694773070377769,TRUE,TRUE
9.68418073304622,0,0,TRUE,TRUE
