from,to,weight
1,2,0.0466155052008451
1,3,0.0502932660441155
2,3,0.0329185370538459
