IW,E2MROW,R2MEOW,condition_01,condition_02
10.0576079245672,0,1.0357418452611,TRUE,TRUE
10.0554050407101,1.0357418452611,0,TRUE,TRUE
3.27833779620112,0,1.430977208185,TRUE,TRUE
19.2272429381282,3.06630749582264,0.448942766623887,TRUE,TRUE
7.97152553341375,0.448942766623887,3.06630749582264,TRUE,TRUE
4.13615266279407,1.430977208185,0,TRUE,TRUE
