IW,E2MROW,R2MEOW,condition_01,condition_02
21.1487548105384,0,0,TRUE,TRUE
8.84546766718019,0,0,TRUE,TRUE
30.7140187339885,0,0,TRUE,TRUE
