IW,E2MROW,R2MEOW,condition_01,condition_02
42.2457590401951,5.93399151045041,26.232741777497,TRUE,TRUE
54.7130417714013,10.0731406708116,14.682761083774,TRUE,TRUE
70.5578755750733,7.21819560981298,14.0360197740195,TRUE,TRUE
63.6853705999394,4.79106991338582,7.56879965764551,TRUE,TRUE
33.1798050717808,8.30627128750965,18.8823417271226,TRUE,TRUE
57.1769110180516,16.1781220405464,6.62207802464053,TRUE,TRUE
163.754986567239,65.4924347715255,16.3078411292206,TRUE,TRUE
49.4827586911997,23.1196518316632,36.7802944617858,TRUE,TRUE
