IW,E2MROW,R2MEOW,condition_01,condition_02
78.735560399175,10.9302665107609,41.8050872174205,TRUE,TRUE
120.523052539661,12.7395704158775,20.1269205730997,TRUE,TRUE
136.566420868025,14.5646833754596,11.8264635237602,TRUE,TRUE
253.440778821122,48.4090530405048,12.8851020283226,TRUE,TRUE
