IW,E2MROW,R2MEOW,condition_01,condition_02
368.910547506927,22.6051112646361,17.9559809591134,TRUE,TRUE
266.437746239909,17.9559809591134,22.6051112646361,TRUE,TRUE
