IW,E2MROW,R2MEOW,condition_01,condition_02
69.4686178921218,9.3796671154024,6.59756342673736,TRUE,TRUE
1.97970107182208,0,0,TRUE,TRUE
1.31290383211094,0,0,TRUE,TRUE
1.95788425260447,0,0,TRUE,TRUE
62.7330075931176,23.0661401902807,45.2207030542653,TRUE,TRUE
15.3694536903352,1.40930890433699,8.51476552821459,TRUE,TRUE
114.24916674235,50.408849477672,38.7110468814076,TRUE,TRUE
21.0767120539285,3.23966832907282,2.91735966015948,TRUE,TRUE
23.4655298803377,4.00801606043914,2.03213134244611,TRUE,TRUE
53.4458078845581,0,9.41686154901599,TRUE,TRUE
3.37766295946736,0,0,TRUE,TRUE
0.761825794428832,0,0,TRUE,TRUE
19.4690749929295,6.16918210526266,10.8120254677889,TRUE,TRUE
1.32155527283129,0,0,TRUE,TRUE
1.30028742389321,0,0,TRUE,TRUE
37.3131214430058,1.46105921844881,2.71132662583161,TRUE,TRUE
28.9746425726161,2.1541146897493,0.662117412453274,TRUE,TRUE
34.5123362473345,33.6754572884753,10.5594539880695,TRUE,TRUE
15.8169283462551,10.1160222004494,5.71258583536499,TRUE,TRUE
1.3387482955595,0,0,TRUE,TRUE
7.99144620185557,0,1.98587751696365,TRUE,TRUE
0.666067042929223,0,0,TRUE,TRUE
0.759480514321888,0,0,TRUE,TRUE
13.3294123272769,1.49445457130956,2.11458415302955,TRUE,TRUE
7.51993366216148,1.44726528249123,0.715489630051483,TRUE,TRUE
3.96399334998761,1.3141370468438,0.659450408434664,TRUE,TRUE
1.2796604201086,0,0,TRUE,TRUE
0.640248393304568,0,0,TRUE,TRUE
0.635635631846808,0,0,TRUE,TRUE
