IW,E2MROW,R2MEOW,condition_01,condition_02
1340.78637373759,685.637226804237,339.823225249237,TRUE,TRUE
684.066513386392,414.584634616074,575.344137785939,TRUE,TRUE
726.3053383141,344.593852184974,565.519639225122,TRUE,TRUE
784.951800511147,427.407366241569,675.283661946506,TRUE,TRUE
1153.76484268345,811.404386341201,527.656801981251,TRUE,TRUE
