IW,E2MROW,R2MEOW,condition_01,condition_02
2374.52486262228,512.495751836612,432.139144407007,TRUE,TRUE
2417.92374623065,432.139144407007,512.495751836612,TRUE,TRUE
