IW,E2MROW,R2MEOW,condition_01,condition_02
616.96579149991,237.785408707466,409.07607436037,TRUE,TRUE
1511.40963011214,572.071807220174,322.991629158397,TRUE,TRUE
1197.72852535666,498.259236951171,342.448919748954,TRUE,TRUE
597.442989480384,202.047501921232,435.647331532322,TRUE,TRUE
