IW,E2MROW,R2MEOW,condition_01,condition_02
439.315269608484,224.862336124775,219.909746877685,TRUE,TRUE
148.184699223488,61.2006907458862,238.756747317186,TRUE,FALSE
596.853620306172,541.315444804562,337.611679066274,TRUE,TRUE
277.240464022796,133.942880560311,194.533476800605,TRUE,TRUE
833.640920729935,501.225800419714,257.2207981115,TRUE,TRUE
114.738703463122,53.0438155195819,209.112073783519,TRUE,FALSE
610.859332213255,477.372238093218,369.967541092001,TRUE,TRUE
408.14241276932,254.398963555254,331.092176412903,TRUE,TRUE
196.945708334501,153.468770549101,242.626700910729,TRUE,FALSE
