IW,E2MROW,R2MEOW,condition_01,condition_02
2424.9113781767,513.321259362996,435.531746954123,TRUE,TRUE
2059.94650675533,435.531746954123,513.321259362996,TRUE,TRUE
