IW,E2MROW,R2MEOW,condition_01,condition_02
627.84478121418,467.900881960874,219.76754752435,TRUE,TRUE
0.261934437004851,0,0,TRUE,TRUE
0.293231156692028,0,0,TRUE,TRUE
0.446819997932859,0,0,TRUE,TRUE
0.205810341134981,0,0,TRUE,TRUE
0.230556178903574,0,0,TRUE,TRUE
0.448986683536061,0,0,TRUE,TRUE
2991.37764847663,375.261276209635,495.443464711098,TRUE,TRUE
1158.18578620511,481.514546926204,624.73616263254,TRUE,TRUE
9.36668910739302,35.6812956505405,20.4108258792668,FALSE,FALSE
