from,to,weight
1,2,0.0246605201252643
3,6,0.0841751298932351
4,5,0.0689264757342457
