IW,E2MROW,R2MEOW,condition_01,condition_02
1094.55279337546,274.72710625473,139.776902618481,TRUE,TRUE
384.751113989893,133.384402024709,219.023912942303,TRUE,TRUE
652.294495513246,105.418687362754,172.851883801839,TRUE,TRUE
625.217322173292,204.12753748957,186.00503376914,TRUE,TRUE
