IW,E2MROW,R2MEOW,condition_01,condition_02
3556.97497848678,0,0,TRUE,TRUE
0.286599373873968,0,0,TRUE,TRUE
0.284840930007397,0,0,TRUE,TRUE
0.224550587884562,0,0,TRUE,TRUE
0.511694872893679,0,0,TRUE,TRUE
0.286068944656325,0,0,TRUE,TRUE
0.255015375126608,0,0,TRUE,TRUE
