IW,E2MROW,R2MEOW,condition_01,condition_02
1654.45779589016,232.957619754624,183.646927035968,TRUE,TRUE
1403.41111550289,183.646927035968,232.957619754624,TRUE,TRUE
