from,to,weight
1,2,0.114043271563491
1,3,0.0431594575094261
2,3,0.13097344704486
