IW,E2MROW,R2MEOW,condition_01,condition_02
173.273797092346,4.1237577581127,2.14091907540618,TRUE,TRUE
74.1347762405159,2.83953633912792,2.41787308704177,TRUE,TRUE
60.9918467966707,0.746480146301181,3.15098208109385,TRUE,TRUE
