IW,E2MROW,R2MEOW,condition_01,condition_02
58.2801593638564,3.26010138529751,2.10435230258368,TRUE,TRUE
134.139631609143,5.33888107128989,1.7234831150509,TRUE,TRUE
37.9433961614069,4.46001908030341,2.7104642394008,TRUE,TRUE
37.2575857823864,0.988587086604684,2.29401566117252,TRUE,TRUE
33.7993483749625,1.47637394973237,4.3210889274576,TRUE,TRUE
30.7778375713249,2.62108540285311,3.85732852074925,TRUE,TRUE
27.236994652564,2.1748059330875,3.30912114275372,TRUE,TRUE
