IW,E2MROW,R2MEOW,condition_01,condition_02
156.854719994448,7.90397701992392,3.78593387294985,TRUE,TRUE
92.4758090484256,3.78593387294985,7.90397701992392,TRUE,TRUE
