IW,E2MROW,R2MEOW,condition_01,condition_02
90.2780597109299,9.53902292138131,6.25725425836434,TRUE,TRUE
100.083735323486,4.58677330190721,0.952933453736455,TRUE,TRUE
61.2257688163353,4.177925791292,6.47303052797778,TRUE,TRUE
58.1653184856509,5.91774372725815,7.67820985999553,TRUE,TRUE
30.5775461262859,2.09198781035005,4.95202545211462,TRUE,TRUE
