IW,E2MROW,R2MEOW,condition_01,condition_02
1297.73126348955,233.086640723283,235.010284789907,TRUE,TRUE
0.337622871457958,0,0,TRUE,TRUE
2.56119405760095,0,0,TRUE,TRUE
0.677043238855324,0,0,TRUE,TRUE
0.6354822545526,0,0,TRUE,TRUE
2.87578410741959,0,0,TRUE,TRUE
0.445132962350298,0,0,TRUE,TRUE
0.300544805862742,0,0,TRUE,TRUE
0.318624654850547,0,0,TRUE,TRUE
0.670379535757913,0,0,TRUE,TRUE
2.51189109319104,0,0,TRUE,TRUE
0.302169314600659,0,0,TRUE,TRUE
1.76190609719418,0,0,TRUE,TRUE
1.28403913116791,0,0,TRUE,TRUE
0.957312518566283,0,0,TRUE,TRUE
0.351728807684919,0,0,TRUE,TRUE
0.352622742333237,0,0,TRUE,TRUE
0.333938175433974,0,0,TRUE,TRUE
0.336145465587379,0,0,TRUE,TRUE
0.314326552169917,0,0,TRUE,TRUE
195.462548250119,118.256930091274,117.611955096241,TRUE,TRUE
480.953679518322,242.62446229952,268.479110940557,TRUE,TRUE
54.0026681859216,90.622755914979,63.4894382023518,FALSE,FALSE
