IW,E2MROW,R2MEOW,condition_01,condition_02
185.385421544591,49.2977407725994,87.8279761357501,TRUE,TRUE
549.025430734613,350.625900612407,187.424815300511,TRUE,TRUE
189.683024572127,88.8781700603063,149.100758013033,TRUE,TRUE
213.343306310805,147.013494523877,184.633327289616,TRUE,TRUE
290.827233513997,152.219145216347,136.434477656829,TRUE,TRUE
182.307756205442,89.9003204398684,132.513417229665,TRUE,TRUE
