IW,E2MROW,R2MEOW,condition_01,condition_02
386.472904808202,120.418334154298,201.561666307246,TRUE,TRUE
932.398521684232,327.609610497471,202.028357951314,TRUE,TRUE
562.526323336342,159.081250026435,203.519170419644,TRUE,TRUE
