from,to,weight
1,2,0.0414476099290607
1,3,0.0772612759672775
1,4,0.0448926657320012
2,3,0.0353620803453065
2,4,0.113294127172652
3,4,0.0386773828100831
