IW,E2MROW,R2MEOW,condition_01,condition_02
276.144191606507,33.9746717409595,17.9449692325427,TRUE,TRUE
226.916989402827,17.2257046262512,18.8481370125705,TRUE,TRUE
165.440907476552,22.9538235480299,20.2968146673108,TRUE,TRUE
99.3025756180068,6.79666618141327,27.485077302275,TRUE,TRUE
206.381694503023,25.4440496583891,21.8199175403441,TRUE,TRUE
