IW,E2MROW,R2MEOW,condition_01,condition_02
505.825688706401,23.6522846420084,10.126577104476,TRUE,TRUE
277.985892867425,10.126577104476,23.6522846420084,TRUE,TRUE
