from,to,weight
1,2,0.0355571052062136
1,3,0.0439044263196903
1,4,0.123269155324261
2,3,0.0389511368009324
2,4,0.0471413458300029
3,4,0.0255685045707173
