IW,E2MROW,R2MEOW,condition_01,condition_02
256.775242314576,7.48147754184825,1.32548971563947,TRUE,TRUE
125.529872381479,1.32548971563947,7.48147754184825,TRUE,TRUE
