IW,E2MROW,R2MEOW,condition_01,condition_02
30.9380510533103,1.8076014089681,7.26516717670736,TRUE,TRUE
31.8987972292938,0.66337546168387,1.47675151110216,TRUE,TRUE
13.2321580647976,0.746964501111972,1.51309888140669,TRUE,TRUE
27.5345466008447,0.659502625322299,4.03275725457491,TRUE,TRUE
20.9841365997173,1.17693369203016,4.86834496920543,TRUE,TRUE
40.6681788204071,3.26989106781888,1.54783693818149,TRUE,TRUE
62.4328287511942,8.26396163728854,5.81240200842421,TRUE,TRUE
134.461317419197,12.3738370205574,2.44570867517897,TRUE,TRUE
