IW,E2MROW,R2MEOW,condition_01,condition_02
44.953434784039,1.77134024414895,7.99504039218292,TRUE,TRUE
72.9207011972729,3.57954138193078,2.67086330171168,TRUE,TRUE
49.646014879495,0.709104638419569,7.77377054484745,TRUE,TRUE
204.166966533367,13.3649782948697,0.985290320626951,TRUE,TRUE
