IW,E2MROW,R2MEOW,condition_01,condition_02
13.1047887298595,2.1666010659227,0.641417714367881,TRUE,TRUE
22.6774146980515,0,2.60257074140516,TRUE,TRUE
7.31466845683791,0,0.636011697424816,TRUE,TRUE
8.4904442050082,1.9533884920109,0,TRUE,TRUE
7.87074284793296,1.23362818110397,1.47361758583971,TRUE,TRUE
14.2633544355212,0,0,TRUE,TRUE
13.0884699003352,0,0,TRUE,TRUE
