IW,E2MROW,R2MEOW,condition_01,condition_02
22.4491491636322,1.29059996376214,0.641417714367881,TRUE,TRUE
32.4798296807027,0.641417714367881,1.29059996376214,TRUE,TRUE
